LAT,LON,HEA
23.5628612,120.4775793,25.4672966003418
23.5628643,120.4775811,25.6939849853516
23.5628694,120.4775838,25.6002998352051
23.5628772,120.477588,25.7305698394775
23.5628877,120.4775934,25.0466251373291
23.5628992,120.4775994,24.3520698547363
23.562911,120.4776053,26.1348915100098
23.5629221,120.4776111,33.5396385192871
23.5629418,120.4776236,37.2591857910156
23.562951,120.4776307,31.7807884216309
23.5629605,120.4776379,28.9677791595459
23.5629715,120.4776454,29.121208190918
23.5629838,120.4776532,28.302453994751
23.5629974,120.4776613,17.0271606445313
23.5630118,120.4776683,12.8906936645508
23.5630276,120.4776737,15.1887369155884
23.5630443,120.4776786,16.0948448181152
23.5630614,120.4776838,20.6830177307129
23.5630779,120.47769,25.8706321716309
23.563094,120.4776976,34.8373374938965
23.5631092,120.477707,42.0890960693359
23.5631224,120.4777175,41.0582389831543
23.5631311,120.4777255,40.9828109741211
23.5631352,120.477729,43.8533821105957
23.5631423,120.4777353,44.2670745849609
23.5631464,120.4777395,45.3489189147949
23.5631505,120.4777441,46.3094329833984
23.5631549,120.4777491,49.4050750732422
23.5631644,120.4777598,59.5796508789063
23.5631687,120.4777659,64.7996520996094
23.5631722,120.477772,63.7481575012207
23.5631753,120.4777786,50.6147384643555
23.5631847,120.4777937,48.9653511047363
23.5631917,120.4778021,45.524730682373
23.5632073,120.4778195,33.8363456726074
23.5632161,120.4778269,22.1766166687012
23.5632263,120.4778328,12.8572912216187
23.5632366,120.4778374,9.23984146118164
23.5632472,120.4778408,11.4913654327393
23.5632585,120.4778431,12.9543046951294
23.5632714,120.4778452,12.1921491622925
23.563296,120.4778505,11.799427986145
23.5633081,120.477855,13.9927492141724
23.5633127,120.4778574,14.7030839920044
23.5633186,120.4778592,17.1825008392334
23.5633261,120.4778616,18.3830947875977
23.5633339,120.4778646,28.1116142272949
23.5633489,120.4778718,25.2056007385254
23.5633559,120.477876,24.0725898742676
23.563363,120.47788,27.0968856811523
23.5633702,120.4778839,28.3708934783936
23.563387,120.4778925,28.4471988677979
23.5633965,120.4778976,28.6320991516113
23.563406,120.477903,28.7156620025635
23.5634152,120.4779084,32.6307640075684
23.5634328,120.47792,34.6492156982422
23.5634412,120.4779266,35.4684257507324
23.5634496,120.4779331,35.6932678222656
23.563466,120.4779459,37.5452995300293
23.5634821,120.4779589,37.370246887207
23.5634896,120.477965,38.1559791564941
23.5635187,120.4779911,39.6730461120605
23.5635335,120.478004,39.3663024902344
23.5635479,120.4780168,40.3261680603027
23.5635557,120.4780237,42.6762428283691
23.5635712,120.4780381,43.3702926635742
23.5635772,120.4780442,43.087474822998
23.5635875,120.4780541,28.2978000640869
23.5635926,120.4780582,26.9899654388428
23.5636135,120.478071,35.2361946105957
23.5636212,120.4780757,39.5669136047363
23.5636353,120.4780878,42.4440879821777
23.5636475,120.4781004,41.5073089599609
23.5636496,120.4781026,41.5073089599609
23.5636509,120.478104,41.1092796325684
23.5636587,120.4781108,16.7070198059082
23.5636639,120.4781132,16.6935882568359
23.5636716,120.4781155,11.4388008117676
23.5636807,120.4781178,359.263763427734
23.5636898,120.4781193,356.334777832031
23.5636981,120.4781197,354.068817138672
23.5637069,120.4781187,351.426086425781
23.5637159,120.4781168,343.625305175781
23.563725,120.478114,339.774383544922
23.5637342,120.4781108,339.811737060547
23.5637438,120.4781073,342.498199462891
23.5637525,120.478104,348.896484375
23.5637609,120.478102,26.6910285949707
23.5637658,120.478105,30.1307792663574
23.5637669,120.4781051,29.9098453521729
23.5637676,120.4781052,29.6186447143555
23.5637709,120.4781069,29.5720596313477
23.5637735,120.478109,29.5720596313477
23.5637766,120.4781111,29.5380516052246
23.5637801,120.478113,27.323356628418
23.5637837,120.4781149,13.3348026275635
23.5637872,120.4781168,354.786743164063
23.5637898,120.4781181,353.787780761719
23.5637918,120.4781185,2.49498057365417
23.5637947,120.478118,8.09363174438477
23.5650582,120.4715767,220.629333496094
23.5650577,120.4715766,220.627670288086
23.5650571,120.4715764,220.543853759766
23.5650563,120.4715764,220.553436279297
23.5650557,120.4715769,220.288940429688
23.5650556,120.4715775,220.084365844727
23.5650558,120.4715781,219.994171142578
23.5650562,120.4715785,219.909027099609
23.5650561,120.4715785,219.935272216797
23.5650561,120.4715784,228.659042358398
23.5650557,120.4715785,241.540771484375
23.5650555,120.4715789,244.558227539063
23.5650549,120.4715791,266.632171630859
23.5650544,120.47158,283.027770996094
23.5650545,120.4715813,283.599090576172
23.565055,120.4715806,301.033020019531
23.5650553,120.4715796,303.305206298828
23.5650561,120.4715783,301.273742675781
23.5650573,120.4715748,300.741424560547
23.565059,120.4715706,301.522735595703
23.5650615,120.4715657,301.752014160156
23.5650649,120.4715602,301.660858154297
23.5650682,120.4715551,302.165649414063
23.5650704,120.4715525,301.482879638672
23.5650706,120.471553,300.894378662109
23.56507,120.4715537,300.855987548828
23.5650692,120.4715543,300.661010742188
23.5650685,120.4715548,300.513488769531
23.5650678,120.4715554,300.576263427734
23.5650676,120.4715557,300.699890136719
23.5650675,120.4715557,300.984039306641
23.5650681,120.4715551,301.145080566406
23.5650693,120.471553,301.182922363281
23.5650714,120.47155,301.403442382813
23.565073,120.471548,301.176239013672
23.5650734,120.4715475,300.826812744141
23.5650733,120.4715475,300.736145019531
23.5650732,120.4715476,300.819854736328
23.5650734,120.471547,302.223022460938
23.565076,120.4715425,314.491760253906
23.5650806,120.4715365,325.526336669922
23.5650834,120.4715342,324.223602294922
23.565084,120.4715345,322.873443603516
23.565084,120.4715348,322.911499023438
23.5650839,120.4715347,323.260803222656
23.5650839,120.4715344,322.972473144531
23.5650838,120.4715341,322.674255371094
23.5650838,120.4715336,314.726959228516
23.5650834,120.4715335,281.388610839844
23.5650834,120.4715317,277.534912109375
23.5650838,120.4715305,293.195526123047
23.5650846,120.4715319,296.948089599609
23.5650855,120.4715334,295.292785644531
23.5650871,120.4715316,296.505950927734
23.5650891,120.4715271,299.462127685547
23.5650906,120.4715239,300.578247070313
23.5650909,120.4715234,300.009185791016
23.565091,120.4715221,299.481384277344
23.5650919,120.4715193,299.523834228516
23.5650927,120.4715169,300.113861083984
23.5650927,120.4715156,299.716827392578
23.5650932,120.4715133,299.669738769531
23.5650942,120.4715098,300.078186035156
23.5650962,120.4715057,300.45654296875
23.5650983,120.4715017,300.880157470703
23.5651003,120.4714997,300.607757568359
23.5651014,120.4714993,299.917358398438
23.5651025,120.471499,299.889068603516
23.5651035,120.4714986,299.919708251953
23.5651041,120.4714981,299.924957275391
23.5651042,120.4714979,300.184967041016
23.5651038,120.4714977,300.037414550781
23.5651031,120.4714977,299.843688964844
23.5651026,120.4714979,299.644592285156
23.5651025,120.4714974,299.496032714844
23.5651031,120.4714953,299.672485351563
23.5651044,120.4714923,300.414794921875
23.5651054,120.4714907,300.964080810547
23.5651058,120.4714908,300.514953613281
23.565106,120.471491,300.093688964844
23.565106,120.4714909,300.021118164063
23.5651061,120.4714906,300.293060302734
23.5651064,120.4714903,300.412292480469
23.5651067,120.4714901,300.385498046875
23.5651068,120.4714899,296.3583984375
23.5651068,120.4714898,263.196960449219
23.5651067,120.4714885,230.182479858398
23.5651056,120.4714861,228.683120727539
23.565105,120.4714845,235.738159179688
23.5651052,120.4714844,232.086715698242
23.5651065,120.4714863,209.949462890625
23.5651068,120.4714873,209.217102050781
23.5651037,120.4714857,211.523742675781
23.5650971,120.4714817,211.737518310547
23.5650873,120.4714754,211.630950927734
23.5650748,120.4714673,212.380401611328
23.5650609,120.4714577,212.914672851563
23.5650461,120.4714473,213.006469726563
23.565031,120.4714362,212.065994262695
23.5650155,120.4714248,211.736602783203
23.565,120.4714136,212.191024780273
23.5649847,120.4714026,212.499237060547
23.5649577,120.4713831,212.893524169922
23.5649509,120.4713784,213.408615112305
23.5649452,120.4713746,213.087646484375
23.5649387,120.47137,212.663619995117
23.5649309,120.4713648,212.434036254883
23.5649226,120.4713594,212.773559570313
23.5649142,120.4713539,212.946319580078
23.5649078,120.4713498,213.519195556641
23.564904,120.4713474,212.984390258789
23.564899,120.4713436,212.570449829102
23.5648925,120.4713389,212.318008422852
23.5648855,120.471334,212.592041015625
23.5648785,120.4713295,212.943634033203
23.5648713,120.4713246,213.10205078125
23.5648591,120.4713158,213.010375976563
23.5648546,120.4713125,213.013198852539
23.5648495,120.4713086,212.628753662109
23.5648451,120.4713054,212.595153808594
23.5648421,120.4713035,212.838256835938
23.5648384,120.4713009,212.506210327148
23.5648338,120.4712976,212.43669128418
23.5648289,120.4712942,212.395248413086
23.5648243,120.471291,212.696868896484
23.5648209,120.4712887,212.832107543945
23.5648186,120.4712873,212.958984375
23.5648152,120.4712849,212.600631713867
23.5648108,120.471282,212.229461669922
23.5648061,120.4712786,212.350387573242
23.5648011,120.4712753,212.544815063477
23.5647966,120.4712721,212.667388916016
23.5647928,120.4712693,212.750350952148
23.5647891,120.4712667,212.623138427734
23.5647851,120.471264,212.802871704102
23.564781,120.4712611,212.932708740234
23.5647767,120.4712581,212.939361572266
23.5647721,120.4712549,213.131759643555
23.5647676,120.4712517,213.125122070313
23.5647634,120.4712488,213.010696411133
23.5647593,120.471246,212.837142944336
23.5647555,120.4712432,212.897277832031
23.5647516,120.4712401,212.933731079102
23.5647475,120.4712369,212.538452148438
23.5647435,120.4712338,212.416076660156
23.564739,120.4712308,212.393707275391
23.5647345,120.4712278,212.500106811523
23.5647301,120.4712249,212.670791625977
23.5647253,120.4712218,212.735458374023
23.5647204,120.4712184,212.407836914063
23.5647153,120.4712149,212.270980834961
23.5647102,120.4712112,212.327041625977
23.5647053,120.4712077,212.435409545898
23.5647015,120.471205,212.735443115234
23.5647001,120.4712039,212.473983764648
23.5646973,120.471202,212.374771118164
23.5646922,120.4711983,211.929306030273
23.5646853,120.4711936,211.906280517578
23.5646773,120.4711885,212.338348388672
23.5646687,120.471183,212.81217956543
23.5646597,120.4711771,212.87858581543
23.5646506,120.4711709,212.999435424805
23.5646416,120.4711645,213.156600952148
23.5646329,120.4711583,213.234649658203
23.5646246,120.4711521,213.278274536133
23.5646162,120.4711458,212.946334838867
23.5646078,120.4711396,212.927947998047
23.5645995,120.4711335,212.967071533203
23.5645913,120.4711275,212.757858276367
23.564583,120.4711214,212.68376159668
23.5645743,120.4711152,212.41357421875
23.564565,120.4711084,212.287826538086
23.5645554,120.4711016,212.422073364258
23.5645461,120.4710952,212.632919311523
23.5645371,120.4710889,212.594650268555
23.5645278,120.4710826,212.579986572266
23.5645185,120.4710762,212.484939575195
23.5645091,120.4710698,212.466567993164
23.5644997,120.4710637,212.679443359375
23.5644904,120.4710575,212.808883666992
23.5644598,120.4710366,213.175643920898
23.5644554,120.4710336,212.814849853516
23.5644488,120.4710283,212.433990478516
23.5644467,120.4710266,212.27375793457
23.5644434,120.4710243,212.251403808594
23.564441,120.4710226,212.193267822266
23.5644387,120.4710214,212.211471557617
23.5644355,120.4710191,212.236785888672
23.5644327,120.471017,212.243667602539
23.5644304,120.4710155,212.383773803711
23.5644244,120.4710113,212.142883300781
23.5644227,120.4710102,212.311477661133
23.5644193,120.4710077,212.513916015625
23.5644179,120.4710072,212.547286987305
23.5644142,120.4710048,212.298782348633
23.5644129,120.4710036,212.45133972168
23.5644101,120.4710011,212.695846557617
23.5644059,120.4709977,212.691284179688
23.5644007,120.4709941,212.269012451172
23.5643972,120.4709917,212.168792724609
23.5643949,120.4709902,212.695190429688
23.5643913,120.4709879,212.972534179688
23.5643869,120.4709849,212.812255859375
23.5643837,120.4709829,212.452011108398
23.5643751,120.4709771,212.388916015625
23.5643722,120.4709753,212.388916015625
23.5643716,120.4709751,212.117309570313
23.5643701,120.4709738,212.6005859375
23.5643673,120.4709716,212.294403076172
23.5643637,120.4709688,212.141662597656
23.5643563,120.4709637,212.021636962891
23.5643518,120.470961,212.470458984375
23.564349,120.4709588,212.470458984375
23.5643484,120.4709581,211.881317138672
23.5643477,120.4709574,212.622039794922
23.5643452,120.4709556,212.827819824219
23.5643434,120.4709542,212.449752807617
23.564342,120.4709532,212.142684936523
23.5643393,120.4709514,212.088821411133
23.5643355,120.470949,211.618667602539
23.5643295,120.4709456,211.306091308594
23.5643257,120.4709434,211.594863891602
23.5643205,120.4709402,211.871658325195
23.564314,120.4709351,211.584487915039
23.5643112,120.4709332,211.74250793457
23.5643101,120.4709326,211.575302124023
23.5643082,120.4709315,211.722885131836
23.5643048,120.4709291,211.632522583008
23.564301,120.4709264,211.966796875
23.5642997,120.4709254,211.790054321289
23.5642985,120.4709245,211.448684692383
23.5642948,120.4709221,211.570297241211
23.564293,120.4709212,211.718887329102
23.5642896,120.4709192,211.760025024414
23.5642855,120.4709166,212.289993286133
23.5642813,120.4709138,211.705261230469
23.5642776,120.4709106,211.783447265625
23.5642757,120.4709089,211.436386108398
23.5642709,120.4709056,211.551330566406
23.5642646,120.4709014,211.929016113281
23.5642535,120.4708938,212.119659423828
23.564253,120.4708935,211.785934448242
23.5642508,120.4708921,211.623992919922
23.564247,120.4708899,212.035766601563
23.5642445,120.4708881,212.309921264648
23.5642443,120.4708878,212.098571777344
23.5642435,120.4708873,211.653961181641
23.5642406,120.4708856,211.845031738281
23.5642384,120.4708843,212.29736328125
23.5642368,120.4708834,212.03532409668
23.5642339,120.4708815,212.007995605469
23.564232,120.4708797,212.142013549805
23.5642314,120.4708791,211.832168579102
23.5642286,120.4708772,211.800354003906
23.5642234,120.470874,212.120361328125
23.5642175,120.4708701,212.780029296875
23.5642124,120.4708664,212.652252197266
23.56421,120.4708643,212.290115356445
23.5642066,120.4708619,212.386154174805
23.5642055,120.4708611,212.640274047852
23.5642049,120.4708608,212.519607543945
23.5642029,120.4708596,212.383041381836
23.5641994,120.4708572,212.297470092773
23.5641954,120.4708546,212.793640136719
23.5641941,120.4708536,212.604751586914
23.5641914,120.4708518,212.949340820313
23.5641904,120.470851,212.977172851563
23.5641906,120.4708509,212.658065795898
23.56419,120.4708505,212.379867553711
23.564187,120.4708484,212.216323852539
23.5641799,120.4708438,213.082870483398
23.5641782,120.4708429,212.427825927734
23.5641751,120.4708408,212.291595458984
23.5641719,120.4708384,212.674301147461
23.5641704,120.4708371,212.335006713867
23.5641668,120.4708346,212.230926513672
23.564162,120.4708312,212.349075317383
23.5641605,120.4708302,212.756469726563
23.5641586,120.4708289,212.098510742188
23.5641528,120.4708249,212.027954101563
23.5641463,120.4708205,212.485824584961
23.5641415,120.4708178,212.254638671875
23.5641379,120.4708153,211.807632446289
23.564132,120.4708107,212.527481079102
23.5641316,120.4708102,211.480514526367
23.5641291,120.4708082,211.55436706543
23.5641243,120.4708048,211.679183959961
23.5641184,120.4708008,212.11247253418
23.5641151,120.4707987,212.127487182617
23.5641148,120.4707987,211.868347167969
23.5641148,120.4707987,211.491882324219
23.5641127,120.4707974,211.203414916992
23.5641079,120.4707943,211.401947021484
23.564102,120.4707908,212.318954467773
23.5641018,120.4707909,211.731414794922
23.5640996,120.4707892,211.223358154297
23.5640948,120.4707857,211.210006713867
23.5640889,120.4707818,211.386032104492
23.5640845,120.4707792,211.654403686523
23.5640829,120.4707781,211.145141601563
23.564079,120.4707752,211.103042602539
23.5640745,120.4707722,211.216613769531
23.5640729,120.4707712,211.063919067383
23.56407,120.4707691,210.90544128418
23.5640648,120.4707657,211.110397338867
23.5640625,120.4707642,210.618255615234
23.5640574,120.4707606,210.663070678711
23.56405,120.4707561,212.237518310547
23.5640413,120.470751,212.212661743164
23.5640285,120.4707425,212.408767700195
23.5640243,120.4707391,211.72216796875
23.5640185,120.4707344,211.452423095703
23.5640118,120.4707296,211.551986694336
23.5640042,120.4707243,211.468978881836
23.5640023,120.470723,211.095413208008
23.5639969,120.4707194,211.043533325195
23.5639941,120.4707178,211.267730712891
23.5639882,120.4707141,210.884628295898
23.5639806,120.4707094,211.288619995117
23.5639719,120.4707039,211.601028442383
23.563963,120.4706981,211.47705078125
23.5639537,120.470692,211.020797729492
23.5639441,120.4706854,211.084777832031
23.5639236,120.4706717,212.313766479492
23.5639242,120.4706721,211.752822875977
23.5639237,120.4706716,210.608215332031
23.56392,120.470669,210.260070800781
23.5639141,120.4706652,210.283432006836
23.5639067,120.4706608,211.702377319336
23.5639065,120.4706607,211.110397338867
23.5639059,120.4706601,210.565139770508
23.5639002,120.4706566,210.561645507813
23.5638945,120.4706528,210.510147094727
23.5638936,120.470652,210.639450073242
23.5638915,120.4706505,210.63005065918
23.5638895,120.4706492,210.213958740234
23.5638885,120.4706489,210.325454711914
23.5638867,120.4706481,210.433975219727
23.5638841,120.4706467,210.328353881836
23.5638825,120.4706456,210.444274902344
23.5638803,120.4706443,210.681228637695
23.5638779,120.4706427,210.651443481445
23.5638757,120.4706409,210.692932128906
23.5638728,120.4706388,210.760696411133
23.5638691,120.470636,210.015014648438
23.5638654,120.4706333,210.145904541016
23.5638617,120.4706309,210.409301757813
23.563858,120.4706289,210.246032714844
23.5638545,120.4706269,210.203582763672
23.5638509,120.4706249,210.20458984375
23.5638475,120.4706229,210.506164550781
23.563846,120.4706219,210.457260131836
23.5638448,120.4706211,210.470504760742
23.563842,120.4706193,210.153213500977
23.5638382,120.4706169,210.379440307617
23.5638365,120.4706159,210.861053466797
23.5638357,120.4706156,210.514846801758
23.5638331,120.4706139,210.310073852539
23.5638289,120.4706111,210.432327270508
23.5638192,120.4706047,210.576553344727
23.563814,120.4706014,210.523742675781
23.5638088,120.470598,210.804641723633
23.5638001,120.4705929,210.446212768555
23.5637985,120.4705919,210.264419555664
23.5637955,120.4705898,210.378189086914
23.5637926,120.4705876,210.378189086914
23.5637912,120.4705867,210.446319580078
23.5637888,120.470585,210.932479858398
23.5637846,120.4705821,211.057113647461
23.5637793,120.4705786,210.179260253906
23.5637763,120.4705765,210.134475708008
23.5637727,120.4705742,210.185729980469
23.5637705,120.4705728,210.153533935547
23.5637688,120.4705719,210.424255371094
23.5637653,120.4705698,210.389114379883
23.5637503,120.4705602,210.063568115234
23.5637405,120.4705542,210.255874633789
23.5637304,120.4705479,210.755661010742
23.5637167,120.4705392,211.276977539063
23.5637149,120.4705379,210.291046142578
23.5637119,120.4705356,210.04313659668
23.5637068,120.4705324,210.265625
23.5636979,120.4705268,209.971771240234
23.5636902,120.470522,210.033905029297
23.5636849,120.4705185,210.03987121582
23.5636792,120.4705148,210.249038696289
23.5636706,120.4705095,210.319808959961
23.5636706,120.4705096,210.229934692383
23.5636708,120.4705099,209.791885375977
23.5636695,120.470509,209.742782592773
23.5636653,120.4705064,209.887817382813
23.5636598,120.4705029,209.638824462891
23.5636533,120.4704987,209.796646118164
23.563646,120.4704941,209.97688293457
23.5636384,120.4704894,210.312850952148
23.5636311,120.4704849,210.495758056641
23.5636247,120.4704808,210.650756835938
23.5636202,120.4704778,210.678329467773
23.5636195,120.470477,210.237121582031
23.5636203,120.4704774,209.999252319336
23.5636205,120.4704776,209.757949829102
23.5636188,120.4704765,209.586318969727
23.5636152,120.4704742,209.850036621094
23.5636113,120.4704719,210.420822143555
23.5636094,120.470471,210.348846435547
23.5636081,120.4704704,209.882858276367
23.5636054,120.4704688,209.585800170898
23.563602,120.4704667,209.645355224609
23.5635984,120.4704646,210.268966674805
23.5635946,120.4704623,210.338729858398
23.5635941,120.4704619,209.881286621094
23.5635922,120.4704605,209.678298950195
23.5635904,120.4704592,209.841842651367
23.5635902,120.4704591,210.172866821289
23.5635903,120.4704591,210.077667236328
23.5635902,120.470459,209.803848266602
23.5635896,120.4704584,209.635131835938
23.5635881,120.4704574,209.695129394531
23.5635867,120.4704568,209.81037902832
23.5635861,120.4704568,209.860214233398
23.5635852,120.4704562,209.580856323242
23.5635828,120.4704547,209.802001953125
23.5635803,120.4704531,209.992080688477
23.5635796,120.4704526,209.92024230957
23.5635779,120.4704515,209.799072265625
23.5635747,120.4704493,209.84700012207
23.5635724,120.4704478,209.64909362793
23.5635715,120.4704473,209.875991821289
23.5635692,120.470446,210.62077331543
23.5635665,120.4704443,210.434753417969
23.5635658,120.4704438,209.855758666992
23.5635656,120.4704437,209.848434448242
23.5635638,120.4704428,210.244613647461
23.5635622,120.4704418,210.421661376953
23.5635623,120.4704418,210.327789306641
23.5635622,120.4704418,210.368026733398
23.5635617,120.4704416,210.442626953125
23.5635596,120.4704402,210.663513183594
23.563558,120.4704388,209.731857299805
23.5635575,120.4704381,209.532653808594
23.5635536,120.4704358,210.508163452148
23.5635537,120.4704359,210.141418457031
23.563552,120.4704348,209.962936401367
23.5635496,120.4704333,210.25114440918
23.5635488,120.4704329,210.473327636719
23.5635476,120.4704323,210.205688476563
23.5635461,120.4704313,210.065612792969
23.5635454,120.4704308,210.242446899414
23.563543,120.4704295,210.363739013672
23.5635429,120.4704293,209.812744140625
23.5635429,120.4704291,209.618133544922
23.563542,120.4704286,209.869522094727
23.5635413,120.4704282,210.048080444336
23.5635413,120.4704282,210.004699707031
23.5635413,120.4704282,209.976272583008
23.5635414,120.4704282,209.952911376953
23.5635414,120.4704282,210.131591796875
23.5635413,120.4704283,210.030563354492
23.5635412,120.4704285,210.276504516602
23.5635413,120.4704285,210.055282592773
23.5635414,120.4704284,210.080291748047
23.5635415,120.4704283,210.244613647461
23.5635414,120.4704281,210.109603881836
23.5635402,120.4704272,210.346450805664
23.5635385,120.4704262,210.271987915039
23.5635379,120.4704261,210.292602539063
23.5635367,120.4704253,210.03010559082
23.563534,120.4704234,209.925109863281
23.5635313,120.4704216,210.166793823242
23.5635305,120.4704213,210.268295288086
23.56353,120.4704212,209.99235534668
23.5635286,120.4704203,209.78352355957
23.5635277,120.4704196,209.964736938477
23.5635278,120.4704195,209.999282836914
23.5635278,120.4704195,209.803161621094
23.5635263,120.4704186,209.603393554688
23.5635245,120.4704175,209.673690795898
23.5635239,120.4704173,210.2646484375
23.5635239,120.4704175,210.135101318359
23.5635233,120.4704173,209.514129638672
23.5635212,120.470416,210.076599121094
23.56352,120.4704152,210.158172607422
23.5635204,120.4704149,210.462692260742
23.5635201,120.4704149,210.232727050781
23.5635187,120.4704139,209.706665039063
23.5635161,120.4704123,209.873840332031
23.5635145,120.4704112,209.858688354492
23.563514,120.470411,210.314270019531
23.5635127,120.4704103,209.935974121094
23.5635099,120.4704086,209.867111206055
23.5635067,120.4704065,210.006225585938
23.5635044,120.4704051,209.417861938477
23.5634997,120.4704021,210.140747070313
23.5634913,120.4703967,209.958984375
23.5634804,120.4703898,209.137908935547
23.5634683,120.4703826,209.611480712891
23.5634555,120.4703748,210.196487426758
23.5634427,120.4703667,210.077026367188
23.5634297,120.4703584,209.636749267578
23.5634166,120.4703501,209.709594726563
23.5634037,120.470342,209.882659912109
23.5633913,120.4703341,210.112075805664
23.5633803,120.4703269,210.414306640625
23.5633736,120.4703224,210.304214477539
23.5633699,120.4703205,210.239639282227
23.5633657,120.470318,209.361755371094
23.5633622,120.4703159,209.383544921875
23.5633614,120.4703155,209.54460144043
23.5633615,120.4703155,209.399337768555
23.5633613,120.4703153,208.938552856445
23.5633589,120.4703137,209.545059204102
23.5633547,120.4703112,209.942810058594
23.5633511,120.4703091,209.627395629883
23.5633501,120.4703085,200.278823852539
23.5633502,120.4703082,182.104476928711
23.5633499,120.4703078,170.377487182617
23.5633495,120.470307,151.889572143555
23.5633488,120.4703059,134.924423217773
23.5633482,120.4703052,123.366600036621
23.5633478,120.4703048,124.658462524414
23.5633478,120.4703056,117.287185668945
23.5633477,120.4703068,97.8579330444336
23.5633475,120.4703064,98.0254516601563
23.5633477,120.4703061,110.429748535156
23.5633482,120.470307,114.544708251953
23.5633485,120.4703086,113.60302734375
23.563348,120.4703117,113.11759185791
23.5633453,120.4703181,114.766082763672
23.5633404,120.4703293,116.069900512695
23.5633337,120.4703445,116.612380981445
23.5633254,120.4703628,116.57438659668
23.5633163,120.4703823,116.293792724609
23.5633067,120.470403,116.223388671875
23.563297,120.4704242,116.006202697754
23.5632874,120.470445,115.577049255371
23.5632781,120.4704655,115.661422729492
23.563269,120.4704857,115.499305725098
23.5632602,120.4705055,113.76513671875
23.5632523,120.4705239,109.550643920898
23.5632482,120.470534,107.726264953613
23.5632476,120.470536,108.952690124512
23.5632481,120.4705358,109.542358398438
23.5632482,120.4705363,110.332069396973
23.5632475,120.4705388,112.023048400879
23.5632463,120.4705422,112.02222442627
23.5632447,120.4705466,112.423828125
23.5632428,120.4705517,112.226043701172
23.5632413,120.4705558,111.537757873535
23.5632403,120.470558,111.485336303711
23.5632392,120.4705609,111.859268188477
23.5632375,120.4705651,112.325325012207
23.563236,120.4705692,112.105453491211
23.5632351,120.470571,111.009635925293
23.5632351,120.4705707,111.600074768066
23.5632349,120.4705705,111.737503051758
23.5632347,120.4705705,112.096046447754
23.5632344,120.4705706,112.126968383789
23.5632344,120.4705708,112.313453674316
23.5632344,120.4705711,112.408660888672
23.5632345,120.4705714,112.320426940918
23.5632347,120.4705716,112.298194885254
23.5632348,120.4705716,112.127090454102
23.5632347,120.4705715,112.283477783203
23.5632346,120.4705714,112.057456970215
23.5632345,120.470571,111.827308654785
23.5632345,120.4705708,111.934577941895
23.5632345,120.4705708,111.778244018555
23.5632346,120.4705711,111.654960632324
23.5632346,120.4705714,112.14183807373
23.5632346,120.4705716,112.021331787109
23.5632346,120.4705717,111.795265197754
23.5632346,120.470572,111.862976074219
23.5632346,120.4705724,112.223007202148
23.5632345,120.4705724,111.763107299805
23.5632344,120.4705721,112.333229064941
23.5632344,120.470572,112.26700592041
23.5632342,120.470572,112.16333770752
23.5632341,120.4705718,112.303039550781
23.5632342,120.4705719,112.105049133301
23.5632342,120.470572,111.973808288574
23.5632342,120.470572,112.299560546875
23.5632337,120.4705736,113.197082519531
23.5632314,120.4705794,115.625228881836
23.5632276,120.4705881,120.228988647461
23.5632224,120.4705982,125.91527557373
23.5632165,120.4706083,131.289642333984
23.5632104,120.4706175,131.415237426758
23.5632048,120.4706253,130.513717651367
23.5632011,120.4706305,129.688446044922
23.5632002,120.4706316,130.307144165039
23.5632009,120.4706307,132.490020751953
23.5632016,120.47063,133.247283935547
23.5632022,120.4706297,132.976654052734
23.5632023,120.4706297,132.769073486328
23.5632021,120.4706299,132.613830566406
23.5632014,120.4706304,132.388748168945
23.5631997,120.470632,132.33821105957
23.5631965,120.4706354,132.055038452148
23.5631925,120.47064,131.413208007813
23.5631877,120.4706458,130.716323852539
23.5631824,120.4706528,130.105773925781
23.5631767,120.4706602,129.912368774414
23.5631711,120.4706677,129.698654174805
23.5631655,120.4706753,129.806945800781
23.5631599,120.4706827,130.062805175781
23.5631543,120.4706901,129.954833984375
23.5631488,120.4706974,129.860565185547
23.5631433,120.4707046,130.117584228516
23.5631377,120.4707119,129.977890014648
23.5631327,120.4707181,129.441558837891
23.5631307,120.4707205,129.673416137695
23.56313,120.4707216,132.805450439453
23.5631276,120.4707252,132.98583984375
23.5631224,120.4707316,132.682769775391
23.5631153,120.4707398,132.110046386719
23.5631075,120.4707488,131.341094970703
23.5630997,120.470758,130.567520141602
23.5630925,120.4707669,130.207397460938
23.5630852,120.4707763,130.992904663086
23.5630778,120.4707856,131.235977172852
23.5630706,120.4707945,131.093048095703
23.5630641,120.4708026,130.630279541016
23.56306,120.4708076,130.241073608398
23.5630593,120.4708085,132.167144775391
23.5630601,120.4708082,134.025939941406
23.563061,120.4708082,134.4384765625
23.5630598,120.4708095,142.547821044922
23.5630551,120.4708135,162.856170654297
23.5630486,120.4708176,175.865493774414
23.5630441,120.4708196,172.058242797852
23.5630379,120.4708211,171.165618896484
23.5630288,120.4708227,171.637878417969
23.5630228,120.4708232,139.812026977539
23.5630236,120.4708226,127.67781829834
23.5630235,120.4708234,132.039581298828
23.5630194,120.4708292,134.65705871582
23.5630117,120.4708384,133.482818603516
23.5630027,120.4708489,132.282150268555
23.5629936,120.4708599,132.063537597656
23.5629846,120.4708707,125.197204589844
23.5629767,120.4708807,116.53638458252
23.5629705,120.4708903,117.215171813965
23.5629651,120.4709006,118.981338500977
23.5629602,120.47091,118.595550537109
23.5629575,120.4709148,116.503067016602
23.5629567,120.4709162,118.401229858398
23.5629548,120.4709202,119.74308013916
23.562952,120.4709252,118.713356018066
23.5629504,120.4709276,117.584190368652
23.5629502,120.470928,118.458267211914
23.562949,120.4709306,120.215003967285
23.5629454,120.4709374,119.873825073242
23.5629406,120.4709463,119.686973571777
23.5629355,120.4709557,119.307106018066
23.5629326,120.4709609,117.57373046875
23.562932,120.4709617,118.05313873291
23.5629323,120.4709614,119.622924804688
23.5629323,120.4709616,120.605964660645
23.5629304,120.4709652,120.229690551758
23.5629267,120.4709715,119.530006408691
23.5629207,120.470982,118.111549377441
23.562921,120.4709819,118.587860107422
23.5629214,120.4709818,119.606307983398
23.5629217,120.4709819,119.484176635742
23.5629217,120.470982,119.385299682617
23.5629217,120.470982,119.251388549805
23.5629216,120.470982,119.229515075684
23.5629214,120.470982,119.276290893555
23.5629211,120.4709822,119.269256591797
23.5629209,120.4709825,119.291374206543
23.5629208,120.4709833,119.942001342773
23.5629209,120.4709833,119.816352844238
23.562921,120.4709832,119.788948059082
23.5629211,120.4709831,119.975158691406
23.5629211,120.470983,120.048782348633
23.5629209,120.4709829,119.891471862793
23.5629209,120.470983,119.885040283203
23.5629213,120.470983,119.409027099609
23.5629211,120.4709826,118.697212219238
23.5629209,120.4709824,118.65552520752
23.5629207,120.4709823,118.699043273926
23.5629207,120.4709824,118.838218688965
23.5629208,120.4709827,118.810638427734
23.5629206,120.4709829,118.563545227051
23.5629204,120.4709829,118.339683532715
23.5629204,120.4709829,118.551223754883
23.5629206,120.4709829,118.644317626953
23.5629207,120.470983,118.709510803223
23.5629208,120.470983,118.754219055176
23.5629209,120.470983,118.730369567871
23.5629209,120.4709831,118.673896789551
23.5629209,120.4709833,118.891860961914
23.5629208,120.4709836,119.045433044434
23.5629206,120.4709837,119.342025756836
23.5629206,120.4709837,119.705307006836
23.5629207,120.4709838,119.906921386719
23.5629209,120.4709838,119.653511047363
23.5629209,120.4709834,119.498397827148
23.5629208,120.4709828,119.447402954102
23.5629208,120.4709827,119.438545227051
23.5629208,120.4709827,119.776481628418
23.5629208,120.4709829,119.677314758301
23.5629206,120.470983,119.44246673584
23.5629205,120.4709829,119.571899414063
23.5629205,120.470983,119.554634094238
23.5629205,120.4709829,119.436935424805
23.5629205,120.4709829,119.582130432129
23.5629205,120.4709831,119.581024169922
23.5629205,120.4709833,119.711112976074
23.5629205,120.4709836,112.185417175293
23.5629204,120.4709838,93.3444519042969
23.5629199,120.4709833,91.7744140625
23.5629196,120.4709848,95.6915435791016
23.5629194,120.4709901,96.9822463989258
23.5629193,120.4709972,96.9764709472656
23.5629192,120.4710027,88.0448608398438
23.562919,120.4710046,74.7881851196289
23.5629186,120.4710036,76.6026763916016
23.5629184,120.4710029,78.5077438354492
23.5629186,120.4710028,73.5921630859375
23.5629187,120.4710027,60.2534637451172
23.5629183,120.4710022,60.9350204467773
23.5629182,120.4710017,62.858039855957
23.5629185,120.4710019,63.3430709838867
23.5629198,120.471004,63.8426666259766
23.5629223,120.4710088,63.4665946960449
23.5629243,120.4710132,61.9372482299805
23.5629251,120.4710149,62.1781883239746
23.5629263,120.4710178,62.8562088012695
23.5629274,120.4710202,62.3552627563477
23.5629276,120.4710206,62.5561714172363
23.562928,120.4710221,63.2107315063477
23.5629291,120.4710251,62.6452865600586
23.5629295,120.4710267,61.9501571655273
23.5629294,120.4710267,62.1434783935547
23.5629294,120.4710265,62.2393608093262
23.5629294,120.4710265,62.3310089111328
23.5629294,120.4710267,62.2339019775391
23.5629294,120.4710268,62.2151412963867
23.5629293,120.4710267,62.1051139831543
23.5629292,120.4710264,62.1183776855469
23.5629294,120.4710264,62.2756423950195
23.5629294,120.4710265,62.4552345275879
23.5629298,120.4710276,62.7167091369629
23.5629307,120.4710294,62.1502418518066
23.5629316,120.471031,62.5906105041504
23.5629332,120.4710341,62.2985801696777
23.5629344,120.4710365,62.3849411010742
23.5629371,120.4710417,63.5255012512207
23.5629416,120.4710506,63.274585723877
23.562947,120.4710619,62.293701171875
23.562953,120.4710747,61.5454483032227
23.5629594,120.4710879,60.9537811279297
23.5629656,120.4711008,61.005916595459
23.562972,120.4711137,61.2612037658691
23.5629783,120.4711266,61.3348388671875
23.5629847,120.4711397,61.2938041687012
23.5629911,120.4711524,60.8843688964844
23.5629971,120.4711649,60.8429298400879
23.5629983,120.4711681,63.3509750366211
23.5630009,120.4711736,63.741039276123
23.5630048,120.4711817,63.8621597290039
23.56301,120.4711925,63.0423240661621
23.5630185,120.4712101,62.1934547424316
23.5630182,120.4712098,63.0538597106934
23.5630186,120.4712113,64.0042037963867
23.5630206,120.4712153,63.7857360839844
23.5630233,120.4712204,63.1096076965332
23.5630256,120.4712248,62.440299987793
23.5630266,120.4712264,62.2625694274902
23.5630276,120.4712281,63.4721336364746
23.5630296,120.4712322,63.170036315918
23.5630307,120.4712346,62.2618675231934
23.5630318,120.4712372,63.2637138366699
23.5630344,120.4712432,63.7104454040527
23.5630384,120.4712522,63.044017791748
23.5630431,120.4712622,61.7321243286133
23.5630477,120.4712716,61.302375793457
23.5630565,120.4712898,61.9544792175293
23.5630609,120.471299,61.9629707336426
23.5630645,120.4713066,61.5636711120605
23.5630658,120.4713094,60.4598083496094
23.5630667,120.4713116,63.2124290466309
23.563069,120.4713171,64.0209808349609
23.5630725,120.4713251,63.393856048584
23.5630769,120.4713346,62.4758758544922
23.5630819,120.4713444,61.869457244873
23.5630872,120.4713545,61.6746559143066
23.5630951,120.4713716,63.7067794799805
23.5630975,120.4713772,63.3222999572754
23.5630987,120.47138,62.2847938537598
23.5630995,120.4713817,63.5242576599121
23.5631082,120.4713984,63.0125503540039
23.5631085,120.4713991,62.6578483581543
23.5631089,120.4714,62.6459007263184
23.5639802,120.4778845,213.8424225
23.5639772,120.4778823,213.79953
23.5639737,120.4778801,213.5786896
23.563969,120.4778768,213.7312775
23.5639639,120.4778733,213.6944122
23.5639583,120.4778697,213.7534943
23.5639468,120.4778611,213.7081604
23.5639407,120.4778566,213.7650452
23.5639342,120.4778517,213.34758
23.5639274,120.4778468,213.4073181
23.5639126,120.4778368,213.7088318
23.5638984,120.477826,211.1943665
23.563896,120.4778242,214.0755768
23.5638868,120.4778173,213.6146545
23.5638803,120.4778123,213.3088531
23.5638718,120.4778062,213.0405579
23.5638619,120.4777995,213.0792847
23.5638509,120.477792,212.9974823
23.5638288,120.4777763,213.0254517
23.5638068,120.4777613,213.0987549
23.563785,120.4777449,213.4918671
23.5637765,120.4777381,213.3997498
23.5637735,120.4777352,212.259079
23.563774,120.4777354,213.482254
23.5637741,120.477736,213.1908417
23.5637712,120.4777342,213.3239136
23.5637667,120.4777312,213.6390381
23.5637613,120.4777272,218.5015869
23.5637437,120.4777114,234.8684387
23.563739,120.4777055,240.55513
23.5637371,120.4777028,243.3374481
23.5637373,120.4777031,254.1127014
23.5637378,120.4777036,255.9639435
23.5637382,120.4777039,254.6191864
23.5637384,120.4777037,259.5499878
23.5637381,120.4777035,261.645752
23.5637372,120.4777032,260.9526978
23.5637369,120.477703,247.7885742
23.5637361,120.4777036,229.5055084
23.5637354,120.4777033,230.4311523
23.5637354,120.477703,210.241394
23.5637354,120.477703,203.9458466
23.563735,120.4777031,207.6976929
23.5637343,120.477702,208.7112122
23.5637321,120.4776994,207.9025269
23.5637279,120.4776965,207.7073975
23.5637166,120.4776897,207.9359436
23.56371,120.4776858,208.0300903
23.5637029,120.477682,208.100235
23.5636957,120.4776784,208.1664124
23.5636884,120.4776747,208.2595673
23.563681,120.4776705,207.5599823
23.5636654,120.4776614,212.5699005
23.5636576,120.477656,215.296875
23.5636432,120.4776449,214.37323
23.5636389,120.4776415,213.8079834
23.5636362,120.4776397,214.3162384
23.5636319,120.4776371,213.7890625
23.5636203,120.4776289,213.7051239
23.5636142,120.4776245,213.7384644
23.5635846,120.4776038,214.3501892
23.5635716,120.4775941,213.8450623
23.5635495,120.477578,214.0707397
23.5635383,120.4775709,213.8945923
23.5635357,120.4775685,213.3105621
23.5635315,120.4775628,215.4510803
23.563529,120.4775604,215.4375916
23.5635278,120.4775596,215.0267029
23.5635273,120.4775598,214.9806976
23.5635257,120.4775591,215.1078949
23.5635186,120.4775538,214.489151
23.5635102,120.4775475,214.4127502
23.5635053,120.477545,214.9748077
23.5635005,120.4775424,214.680603
23.5635007,120.4775423,214.5669708
23.563499,120.4775407,214.0161133
23.5634879,120.4775312,215.5235138
23.5634866,120.4775296,214.7929382
23.5634865,120.4775293,215.0725098
23.563486,120.4775291,214.7276611
23.5634844,120.4775282,214.3527985
23.5634744,120.4775207,214.8195648
23.5634732,120.4775203,214.7594604
23.563467,120.4775161,214.3400421
23.5634628,120.4775125,214.2771454
23.5634582,120.4775086,214.3890839
23.5634485,120.4775008,214.7205658
23.5634439,120.4774969,214.5729218
23.563441,120.4774944,212.5158081
23.5634353,120.477491,214.3220367
23.563426,120.4774837,214.2107391
23.5634198,120.477479,214.2756195
23.5634127,120.4774743,213.4030457
23.5633972,120.477464,212.0139008
23.5633979,120.4774646,211.6793213
23.5634002,120.4774656,214.0517731
23.5633984,120.477464,214.3105927
23.5633955,120.4774626,214.806076
23.5633942,120.477462,214.2229309
23.5633925,120.4774612,214.4841919
23.56339,120.4774595,215.028183
23.5633882,120.4774581,215.1931915
23.563386,120.4774559,214.8387756
23.5633837,120.4774537,214.9977264
23.5633805,120.4774511,214.9878387
23.5633791,120.477449,214.8175964
23.5633791,120.477449,214.6687012
23.5633788,120.477449,214.3956757
23.5633779,120.4774489,214.5610809
23.5633766,120.4774478,214.2123108
23.5633701,120.4774426,213.9167328
23.5633676,120.4774406,213.7277222
23.5633665,120.4774395,213.3795929
23.5633662,120.4774394,214.6071625
23.5633651,120.4774392,214.1937866
23.5633627,120.4774382,214.5583801
23.5633555,120.4774334,214.8496857
23.5633513,120.47743,214.7019043
23.5633472,120.4774266,214.7169189
23.5633433,120.4774236,214.9277039
23.5633395,120.4774206,215.0138245
23.5633355,120.4774173,214.8105927
23.5633268,120.4774108,214.8822479
23.5633216,120.4774072,214.6282501
23.5633162,120.4774033,214.571228
23.5633105,120.4773993,214.8982849
23.5633048,120.477395,214.8395996
23.5632983,120.4773899,214.6242828
23.563292,120.4773846,214.709137
23.5632875,120.4773804,214.0169525
23.5632845,120.477378,213.5415649
23.5632739,120.4773712,215.0058746
23.5632672,120.4773661,215.2555389
23.5632605,120.4773607,214.6896515
23.5632536,120.477355,214.9537659
23.5632464,120.4773492,215.2541656
23.5632384,120.4773428,214.8069
23.5632291,120.4773362,214.5865021
23.5632195,120.4773295,214.7025604
23.5632107,120.477323,214.4971771
23.563202,120.4773161,214.4876709
23.5631932,120.4773091,214.319397
23.5631837,120.4773025,214.3900757
23.5631741,120.4772956,214.8322449
23.5631644,120.4772873,214.9335938
23.5631581,120.4772819,214.2346802
23.5631504,120.4772759,213.7308197
23.5631411,120.4772697,213.8190918
23.5631311,120.4772636,213.9578857
23.5631098,120.47725,215.6708374
23.5631001,120.4772418,215.9489441
23.5630948,120.4772357,215.432724
23.5630946,120.4772345,213.3226166
23.5630959,120.477235,215.5404816
23.5630925,120.4772326,216.6008606
23.5630865,120.4772281,215.7789612
23.5630796,120.4772226,215.5162201
23.5630637,120.4772096,215.4945679
23.5630529,120.4772018,215.6047668
23.5630417,120.4771938,215.7476044
23.5630302,120.4771854,215.5738373
23.5630188,120.4771768,215.7207947
23.5630072,120.4771679,215.8037262
23.5629957,120.4771586,215.7372284
23.562984,120.4771492,215.6728363
23.5629726,120.47714,215.6702881
23.5629641,120.4771329,214.8135986
23.5629619,120.4771309,215.0429993
23.5629628,120.4771319,216.6183014
23.5629636,120.4771328,216.6771393
23.5629633,120.4771328,216.566864
23.5629625,120.4771325,216.6328278
23.5629611,120.4771313,216.759079
23.5629607,120.4771307,216.5552216
23.5629605,120.4771305,216.6478119
23.5629604,120.4771304,216.7399445
23.5629602,120.4771304,216.6830139
23.5629599,120.4771303,216.7922821
23.5629596,120.4771301,216.4965668
23.5629596,120.4771298,216.4724426
23.5629596,120.4771296,216.2757568
23.5629593,120.4771296,216.5895386
23.5629589,120.4771297,216.5571594
23.5629588,120.4771299,216.5938873
23.562959,120.4771297,216.1981049
23.5629594,120.4771293,216.1309814
23.5629598,120.477129,216.0858154
23.5629598,120.477129,216.2571869
23.5629596,120.4771291,216.1904144
23.5629597,120.4771292,215.9943848
23.5629597,120.4771293,216.2643738
23.5629595,120.4771295,216.6085358
23.562958,120.4771288,216.2588806
23.5629538,120.4771258,216.1458282
23.5629428,120.4771162,216.0671844
23.5629406,120.4771136,216.166748
23.5629409,120.4771138,216.3343811
23.5629331,120.4771087,216.7431488
23.5629305,120.4771071,216.7911682
23.5629276,120.4771049,217.2454224
23.5629242,120.4771006,216.1925354
23.5629229,120.4770985,217.0920258
23.5629194,120.4770956,215.8289032
23.5629173,120.4770942,216.3782806
23.5629169,120.4770942,216.3622131
23.562916,120.4770945,217.9817505
23.5629128,120.4770929,221.2886047
23.5629085,120.4770897,222.8885498
23.5629039,120.4770851,224.1086731
23.5629013,120.4770808,223.6013184
23.5629024,120.477081,226.2123871
23.5629031,120.4770811,226.7781372
23.5629034,120.477081,226.1819305
23.5629033,120.4770807,216.880127
23.5629028,120.4770805,205.7702942
23.5629015,120.4770808,209.4750671
23.5629,120.4770796,209.3613739
23.562899,120.4770784,209.3049774
23.5628986,120.4770782,209.6468506
23.5628981,120.4770782,209.9128571
23.562896,120.4770772,209.7794037
23.562892,120.4770749,210.3014984
23.5628905,120.4770738,210.1628876
23.5628789,120.4770653,209.7506104
23.5628723,120.4770613,209.651886
23.5628565,120.4770522,209.6898956
23.5628529,120.4770501,208.2840881
23.5628532,120.4770505,208.25
23.5628544,120.4770517,210.0442963
23.5628552,120.4770525,210.4361877
23.5628556,120.4770527,210.0473633
23.5628536,120.4770505,209.777359
23.5628424,120.4770428,209.3712769
23.5628388,120.47704,209.5632629
23.5628378,120.4770405,208.8645325
23.5628355,120.4770395,209.3295441
23.5628293,120.4770364,209.5464172
23.5628227,120.4770327,209.6638031
23.5628143,120.4770261,208.0640259
23.5628142,120.4770254,209.2664185
23.5628123,120.4770238,210.7257538
23.5628075,120.4770206,210.2041016
23.5628011,120.477016,209.1598969
23.5627938,120.477011,208.6243134
23.5627854,120.4770067,209.2355194
23.5627796,120.4770041,209.8089142
23.5627796,120.4770049,206.2018585
23.5627798,120.4770058,177.581543
23.5627795,120.4770062,162.5413361
23.562779,120.4770072,132.9920197
23.5627786,120.477008,142.1886902
23.5627793,120.4770017,99.15161896
23.562777,120.4770048,109.7115173
23.5627773,120.4770039,111.2230148
23.5627786,120.4770026,119.8514633
23.5627784,120.4770024,118.9497681
23.5627785,120.4770025,119.412796
23.5627783,120.4770029,119.9648438
23.5627752,120.477009,118.9296875
23.56277,120.4770212,118.3531876
23.5627667,120.4770283,118.0960312
23.5627625,120.4770367,116.3151321
23.5627578,120.4770462,115.0207672
23.5627528,120.4770562,114.4544067
23.5627423,120.4770767,115.2717667
23.5627374,120.4770877,114.5832062
23.5627329,120.4770994,114.8789291
23.5627247,120.477123,115.9650421
23.5627208,120.4771336,116.9095459
23.5627187,120.477139,119.4900055
23.5627161,120.4771398,120.0200729
23.5627142,120.4771432,121.058136
23.5627115,120.4771489,119.8174438
23.5627078,120.4771566,117.6716461
23.5627029,120.4771657,116.5513992
23.5626977,120.4771754,116.2053146
23.5626923,120.4771863,116.2300949
23.5626872,120.4771971,117.0383224
23.5626846,120.4772028,119.288887
23.5626845,120.4772041,120.6951828
23.5626844,120.4772054,120.0090332
23.5626808,120.4772135,118.2130508
23.5626737,120.4772271,116.9253769
23.5626695,120.4772357,117.0235291
23.5626652,120.4772438,118.2579651
23.5626627,120.477248,118.134491
23.5626622,120.4772483,119.4569778
23.562662,120.4772481,120.4023285
23.5626612,120.4772501,121.0340805
23.5626592,120.4772549,121.0695419
23.562656,120.477262,120.7054901
23.5626469,120.4772797,120.8954163
23.5626417,120.4772892,121.5771484
23.5626354,120.4773002,123.5157318
23.5626339,120.4773029,123.227211
23.5626314,120.4773068,123.0629883
23.5626281,120.4773118,122.7253036
23.5626243,120.477318,122.2522202
23.5626205,120.4773248,122.6637497
23.5626183,120.4773292,124.1556168
23.5626096,120.4773448,120.7262955
23.5625958,120.4773687,119.0463486
23.5625883,120.4773827,122.3390961
23.5625831,120.4773911,127.1209564
23.5625819,120.4773929,125.3712234
23.562583,120.4773923,123.6394272
23.5625844,120.4773919,122.915863
23.5625849,120.4773914,122.4404297
23.5625843,120.477391,122.5697098
23.5625835,120.477391,122.719986
23.5625827,120.4773915,123.2702942
23.5625825,120.4773918,123.1811218
23.5625838,120.4773926,123.306488
23.5625866,120.4773945,123.3729935
23.562592,120.477398,123.591095
23.5626012,120.4774039,123.3599472
23.5626135,120.4774119,123.0133743
23.5626289,120.4774221,123.3320694
23.5626465,120.477433,123.847023
23.5626659,120.4774445,124.0900879
23.5626852,120.4774561,123.7694092
23.5627046,120.4774682,123.2777328
23.5627239,120.4774804,123.606369
23.5627431,120.4774925,123.8496857
23.5627611,120.4775038,123.3012009
23.562805,120.4775314,122.9399643
23.5628057,120.477532,123.5786133
23.5628054,120.477532,123.5578079
23.5628051,120.4775323,123.376915
23.5628047,120.4775326,124.3658752
23.5635173,120.4758034,214.696670532227
23.5635167,120.4758026,214.525436401367
23.5635158,120.4758014,214.739135742188
23.5635154,120.475801,214.446060180664
23.5635147,120.4758005,214.640441894531
23.5635133,120.4757995,214.432312011719
23.5635106,120.4757977,214.86994934082
23.5635077,120.4757954,215.511993408203
23.5635063,120.4757943,215.381942749023
23.5635045,120.475793,215.061614990234
23.5635014,120.4757905,215.39582824707
23.563497,120.4757871,215.572677612305
23.5634933,120.4757845,215.212905883789
23.5634916,120.4757835,214.960998535156
23.5634895,120.475782,214.914031982422
23.5634867,120.4757798,215.06201171875
23.5634849,120.4757784,214.202362060547
23.5634827,120.4757769,214.202117919922
23.5634805,120.4757754,214.776641845703
23.5634798,120.475775,215.387786865234
23.5634765,120.4757726,214.862350463867
23.5634753,120.4757716,214.703079223633
23.5634727,120.4757697,214.738021850586
23.5634689,120.4757667,215.568832397461
23.5634667,120.4757645,216.465957641602
23.5634662,120.4757639,215.972305297852
23.5634646,120.4757628,214.664749145508
23.5634613,120.4757604,214.489685058594
23.5634565,120.4757567,215.910995483398
23.5634525,120.4757537,215.560562133789
23.5634487,120.475751,215.753662109375
23.5634475,120.4757501,216.045776367188
23.5634449,120.4757475,215.231887817383
23.5634362,120.4757426,215.581695556641
23.5634291,120.4757375,215.927520751953
23.5634228,120.4757324,217.073181152344
23.5634189,120.4757285,216.985122680664
23.5634073,120.4757182,215.330902099609
23.5633927,120.4757061,216.923324584961
23.5633857,120.4757,216.956573486328
23.5633734,120.47569,216.778244018555
23.5633707,120.475688,216.208023071289
23.5633668,120.4756852,215.079879760742
23.563361,120.4756808,214.839233398438
23.5633536,120.4756752,215.145202636719
23.5633457,120.475669,215.828216552734
23.5633381,120.4756629,216.097045898438
23.5633305,120.4756565,216.092483520508
23.5633232,120.4756503,216.165924072266
23.5633158,120.4756443,216.165924072266
23.5633085,120.4756385,216.816741943359
23.5633015,120.4756329,216.627532958984
23.5632947,120.4756277,215.775451660156
23.5632881,120.4756228,215.821395874023
23.563284,120.47562,216.201766967773
23.5632817,120.4756187,216.090667724609
23.5632791,120.475617,215.004776000977
23.5632755,120.4756144,214.657897949219
23.5632712,120.4756112,213.93473815918
23.5632664,120.4756078,214.52490234375
23.5632573,120.4755999,216.293502807617
23.5632518,120.4755948,216.295516967773
23.563246,120.4755896,215.672729492188
23.5632395,120.4755842,214.969299316406
23.5632332,120.4755792,215.920104980469
23.5632277,120.4755754,214.427062988281
23.5632244,120.4755739,214.084106445313
23.5632211,120.4755725,216.884429931641
23.5632179,120.4755703,216.435424804688
23.5632143,120.4755671,216.00666809082
23.5632104,120.4755632,216.125259399414
23.5632057,120.4755585,215.323883056641
23.5631915,120.4755474,213.113052368164
23.5631842,120.4755428,213.659210205078
23.5631798,120.4755405,213.118362426758
23.5631762,120.4755388,213.023284912109
23.563165,120.47553,212.465255737305
23.5631435,120.4755143,213.470672607422
23.563128,120.4755033,213.615966796875
23.5631203,120.4754974,214.399719238281
23.5631144,120.475493,213.280731201172
23.5631106,120.4754909,213.341979980469
23.5631011,120.4754844,211.780838012695
23.5630956,120.4754803,211.334671020508
23.5630896,120.4754765,211.103103637695
23.5630827,120.4754722,211.495346069336
23.5630799,120.4754703,211.306091308594
23.5630721,120.4754638,210.608657836914
23.5630678,120.4754605,211.193222045898
23.5630622,120.475456,211.499618530273
23.5630544,120.4754503,213.404541015625
23.5630451,120.4754439,214.651321411133
23.5630164,120.4754243,215.159957885742
23.5630069,120.4754186,213.885543823242
23.5629981,120.4754123,213.70979309082
23.5629902,120.4754057,213.744766235352
23.5629821,120.4753995,213.729461669922
23.5629739,120.4753934,213.529663085938
23.5629656,120.4753871,213.999710083008
23.5629575,120.4753812,214.038558959961
23.5629518,120.4753776,212.398620605469
23.5629486,120.4753764,213.045120239258
23.5629448,120.4753742,212.182601928711
23.5629401,120.4753709,211.513870239258
23.5629348,120.4753669,211.463806152344
23.5629293,120.4753627,211.693939208984
23.5629251,120.4753591,212.347717285156
23.5629238,120.4753579,212.41064453125
23.5629233,120.4753574,212.140899658203
23.5629226,120.4753564,212.559127807617
23.562921,120.475355,212.715667724609
23.5629155,120.4753514,212.219696044922
23.5629128,120.4753495,213.925994873047
23.5629056,120.4753466,210.767486572266
23.5629017,120.4753439,211.234161376953
23.5628991,120.4753416,211.889221191406
23.5628981,120.4753399,212.270553588867
23.5628969,120.4753381,213.706085205078
23.5628948,120.4753362,212.580947875977
23.5628911,120.4753339,211.978378295898
23.5628734,120.4753222,212.69970703125
23.5628708,120.4753206,212.149383544922
23.5628678,120.4753187,212.253799438477
23.5628612,120.4753144,212.882064819336
23.5628439,120.475303,214.050323486328
23.5628408,120.4753006,213.101837158203
23.5628228,120.4752868,213.039321899414
23.5628179,120.4752835,213.039321899414
23.562815,120.4752815,213.221420288086
23.5627978,120.4752695,212.846389770508
23.5627885,120.4752631,213.513595581055
23.562786,120.4752615,213.116882324219
23.5627828,120.475259,212.967880249023
23.5627791,120.475256,212.847457885742
23.5627749,120.4752528,212.600982666016
23.5627706,120.4752498,212.632629394531
23.5627663,120.4752468,213.157791137695
23.5627583,120.4752412,213.052505493164
23.5627504,120.4752354,212.957077026367
23.5627463,120.4752324,213.769332885742
23.562742,120.4752294,213.201095581055
23.5627371,120.4752261,212.506454467773
23.5627268,120.4752189,213.167373657227
23.5627238,120.4752162,213.149597167969
23.5627231,120.4752154,212.920379638672
23.5627219,120.4752143,213.37614440918
23.5627085,120.4752053,213.274078369141
23.5627026,120.4752017,213.269439697266
23.5626919,120.4751942,213.257217407227
23.5626879,120.4751911,213.634033203125
23.562686,120.4751895,213.634033203125
23.5626805,120.4751854,213.556488037109
23.5626673,120.4751765,213.775177001953
23.5626525,120.475165,213.0830078125
23.5626452,120.4751592,212.870727539063
23.5626379,120.4751537,212.870727539063
23.5626305,120.4751486,212.200149536133
23.5626229,120.4751435,211.950744628906
23.5626154,120.4751384,213.102737426758
23.5626081,120.4751334,213.255783081055
23.5626013,120.4751287,214.257553100586
23.5625975,120.475126,214.264953613281
23.5625848,120.4751168,213.873382568359
23.5625802,120.4751133,214.060821533203
23.5625753,120.4751099,213.380462646484
23.5625596,120.475099,214.495086669922
23.5625473,120.4750918,214.495086669922
23.5625356,120.4750818,214.495086669922
23.5625227,120.4750715,214.495086669922
23.5625094,120.475061,213.769989013672
23.5624949,120.4750497,213.769989013672
23.5624665,120.4750297,213.769989013672
23.5624478,120.4750175,213.769989013672
23.5624434,120.4750142,214.306762695313
23.5624398,120.4750115,214.306762695313
23.562437,120.4750089,215.08056640625
23.5624353,120.4750072,214.843154907227
23.5624328,120.4750051,214.097366333008
23.5624296,120.4750028,213.754516601563
23.5624237,120.4749989,213.705093383789
23.5624217,120.4749977,214.093460083008
23.5624194,120.4749959,214.093460083008
23.5624167,120.4749939,213.667861938477
23.5624137,120.4749918,214.065475463867
23.5624111,120.47499,214.220077514648
23.5624092,120.4749887,213.753173828125
23.5624082,120.4749881,213.732803344727
23.562406,120.4749864,214.086364746094
23.5623902,120.4749748,213.627105712891
23.5623857,120.4749718,213.183807373047
23.5623813,120.4749688,213.120208740234
23.5623765,120.4749658,212.897003173828
23.5623717,120.4749626,213.27082824707
23.5623673,120.4749592,213.616455078125
23.5623633,120.4749559,213.717910766602
23.5623589,120.4749523,213.547332763672
23.5623545,120.4749489,213.46142578125
23.5623496,120.4749455,213.46142578125
23.5623444,120.4749417,213.46142578125
23.5623312,120.4749328,213.085815429688
23.562328,120.4749305,213.747970581055
23.5623211,120.4749249,213.183929443359
23.5622898,120.474902,213.44743347168
23.5622832,120.4748974,213.08757019043
23.5622778,120.474894,213.255126953125
23.5622751,120.4748932,212.123474121094
23.5622736,120.4748924,211.997268676758
23.5622723,120.4748907,212.146682739258
23.5622704,120.4748879,212.804931640625
23.5622622,120.4748816,212.401657104492
23.5622543,120.4748775,211.477996826172
23.5622517,120.4748762,211.718170166016
23.5622489,120.474874,212.091430664063
23.562246,120.4748713,212.357818603516
23.5622385,120.4748648,212.260147094727
23.5622343,120.4748618,212.568618774414
23.5622299,120.4748589,212.551773071289
23.5622248,120.4748561,212.551773071289
23.5622202,120.4748538,212.885559082031
23.5622178,120.4748532,212.785751342773
23.5622156,120.4748523,212.247970581055
23.5622095,120.4748478,209.992416381836
23.5622059,120.4748452,210.920776367188
23.5622022,120.4748422,212.594253540039
23.5621993,120.4748399,212.550643920898
23.5621978,120.4748393,211.541213989258
23.5621954,120.4748381,211.133728027344
23.562192,120.4748356,211.182205200195
23.5621878,120.4748329,210.694213867188
23.5621836,120.4748301,211.658004760742
23.5621793,120.4748269,211.852233886719
23.5621746,120.4748236,211.951461791992
23.5621696,120.4748201,212.220718383789
23.5621648,120.4748168,212.539566040039
23.56216,120.4748138,212.556289672852
23.5621554,120.4748108,212.781982421875
23.5621534,120.4748095,211.670318603516
23.5621526,120.474809,212.114181518555
23.5621506,120.4748075,212.563858032227
23.5621483,120.4748058,212.249404907227
23.5621471,120.4748053,211.98893737793
23.5621465,120.4748052,211.877456665039
23.562145,120.4748042,211.601531982422
23.5621432,120.4748029,211.273498535156
23.5621412,120.4748016,211.370819091797
23.5621385,120.4747992,211.285995483398
23.562138,120.474799,210.942443847656
23.5621379,120.4747988,211.971115112305
23.5621371,120.4747976,211.839599609375
23.5621354,120.4747964,211.774307250977
23.5621333,120.474795,211.604721069336
23.5621321,120.4747944,211.666931152344
23.5621308,120.4747937,212.057144165039
23.5621293,120.4747926,212.128814697266
23.5621275,120.4747913,212.080505371094
23.5621257,120.4747901,211.950622558594
23.5621235,120.4747887,211.928985595703
23.5621208,120.4747871,211.798400878906
23.5621177,120.474785,211.897216796875
23.5621145,120.4747829,211.775924682617
23.5621112,120.4747807,211.870529174805
23.5621078,120.4747782,212.030578613281
23.5621044,120.4747756,212.032348632813
23.5621011,120.4747733,212.058151245117
23.5620994,120.4747721,211.86164855957
23.5620984,120.4747717,212.281036376953
23.5620978,120.4747715,211.755828857422
23.5620964,120.4747705,211.606109619141
23.5620951,120.4747697,211.819854736328
23.5620944,120.4747693,211.753784179688
23.5620941,120.4747691,212.154663085938
23.5620937,120.4747686,211.953552246094
23.5620919,120.4747673,211.778625488281
23.5620886,120.4747649,211.688598632813
23.5620846,120.4747623,211.493377685547
23.5620792,120.4747592,211.577072143555
23.5620771,120.4747579,211.502792358398
23.5620741,120.4747557,211.501708984375
23.5620706,120.4747531,211.475402832031
23.5620677,120.4747508,211.518051147461
23.5620659,120.4747487,212.09423828125
23.5620644,120.4747478,211.530029296875
23.5620631,120.4747471,211.278610229492
23.5620607,120.4747459,211.607772827148
23.5620575,120.4747438,211.749603271484
23.5620536,120.4747415,211.391937255859
23.562049,120.4747386,211.29345703125
23.5620438,120.4747353,210.496200561523
23.5620384,120.4747319,211.086608886719
23.5620335,120.4747287,211.077972412109
23.5620308,120.4747273,209.713470458984
23.5620289,120.4747261,209.177307128906
23.562026,120.4747234,209.326080322266
23.5620226,120.4747206,211.013366699219
23.5620186,120.4747182,211.68473815918
23.5620141,120.474716,211.872604370117
23.5620096,120.4747134,211.94970703125
23.5620052,120.4747104,212.017349243164
23.5620008,120.4747068,211.7197265625
23.5619983,120.4747043,211.291259765625
23.5619976,120.4747035,211.210647583008
23.5619967,120.4747033,213.403015136719
23.5619957,120.4747036,212.31477355957
23.5619936,120.4747028,212.626937866211
23.5619903,120.4746997,208.25617980957
23.5619854,120.4746957,206.497955322266
23.5619788,120.4746914,208.575637817383
23.5619717,120.4746869,210.334945678711
23.5619643,120.4746824,210.610046386719
23.5619501,120.4746746,210.853149414063
23.5619431,120.4746707,210.728073120117
23.5619292,120.4746625,210.433029174805
23.5619225,120.4746582,210.919830322266
23.5619179,120.4746548,211.487457275391
23.5619157,120.4746532,211.795959472656
23.5619127,120.4746512,212.23713684082
23.5619084,120.4746486,210.823852539063
23.5618977,120.4746422,210.718002319336
23.5618926,120.4746388,211.2421875
23.5618881,120.4746351,211.169235229492
23.5618836,120.4746314,210.494400024414
23.5618786,120.4746278,210.545059204102
23.561868,120.4746207,211.459884643555
23.5618586,120.4746153,211.486068725586
23.561856,120.4746129,211.877227783203
23.5618515,120.4746104,211.511856079102
23.5618487,120.4746084,212.139617919922
23.5618452,120.4746058,211.081314086914
23.5618409,120.4746029,210.430938720703
23.5618362,120.4745996,209.998962402344
23.5618333,120.4745968,211.364807128906
23.5618321,120.4745952,210.939743041992
23.5618288,120.4745927,210.446487426758
23.5618239,120.474589,210.446487426758
23.5618182,120.4745848,211.05436706543
23.5618117,120.4745807,211.034652709961
23.5618045,120.4745768,210.965393066406
23.5617976,120.474573,211.000289916992
23.5617876,120.4745681,211.007781982422
23.5617829,120.4745655,205.186096191406
23.5617722,120.4745605,187.059997558594
23.5617671,120.4745593,177.506286621094
23.5617621,120.4745594,170.82958984375
23.5617575,120.4745601,171.096176147461
23.5617552,120.4745605,171.715255737305
23.5617535,120.4745607,171.511917114258
23.5617505,120.4745607,171.487442016602
23.5617458,120.4745608,170.623992919922
23.5617395,120.4745611,169.306289672852
23.5617324,120.4745621,168.800720214844
23.5617256,120.4745635,165.524536132813
23.5617186,120.474565,163.411376953125
23.5617112,120.4745666,163.629745483398
23.5617029,120.474569,162.794952392578
23.5616941,120.4745719,162.508331298828
23.5616766,120.4745787,149.389923095703
23.5616686,120.4745834,141.852340698242
23.5616615,120.4745891,142.108703613281
23.5616562,120.4745937,143.686737060547
23.5616544,120.4745959,143.730453491211
23.5616517,120.4745988,143.196105957031
23.561647,120.4746027,142.763412475586
23.5616434,120.4746053,142.786026000977
23.5616397,120.4746056,147.999008178711
23.5616357,120.4746083,148.356552124023
23.5616238,120.4746158,149.05842590332
23.5616168,120.4746203,148.823745727539
23.5616096,120.4746248,148.383926391602
23.5616019,120.4746295,148.972625732422
23.5615943,120.4746345,148.757797241211
23.5615869,120.4746399,148.387893676758
23.5615794,120.4746453,148.509552001953
23.5615625,120.4746565,149.265762329102
23.5615534,120.4746624,149.025909423828
23.5615441,120.4746686,148.6865234375
23.5615347,120.4746749,147.161041259766
23.5615254,120.4746813,147.038635253906
23.5615161,120.4746878,148.038726806641
23.5615067,120.4746939,148.972061157227
23.561497,120.4747,149.350921630859
23.5614767,120.4747128,148.943084716797
23.5614569,120.4747255,148.781677246094
23.5614567,120.4747254,148.899841308594
23.561453,120.4747275,148.358627319336
23.5614467,120.4747317,149.429977416992
23.5614416,120.4747362,149.825225830078
23.5614403,120.4747377,148.783248901367
23.5614362,120.4747407,148.509628295898
23.5614308,120.4747447,147.366516113281
23.5614249,120.474749,146.561126708984
23.5613907,120.4747726,148.559860229492
23.5613829,120.4747778,148.732681274414
23.5613749,120.4747833,148.749481201172
23.5613692,120.474787,149.10417175293
23.5613676,120.4747874,148.134094238281
23.5613666,120.4747876,148.429336547852
23.5613633,120.4747892,148.60823059082
23.5613443,120.4748058,146.93977355957
23.5613381,120.4748107,146.581634521484
23.5613314,120.4748154,146.203704833984
